candidate_id,source_file,text,sentence_count,word_count,fkgl,text_simplified_reference,annotator_id,confidence,notes,jargon_terms,fkgl_original,fkgl_simplified,word_count_original,word_count_simplified
1,hsbc_summary_box.txt,Maximum credit limit: Subject to status. Cash or cash-like transactions incur a fee of 2.99% of the amount with a minimum charge of £3 and the terms for balance transfers are provided separately in the offer sent to you.,3,39,7.9,"Maximum credit limit: Subject to status. Cash or cash-like transactions incur a fee of 2.99% of the amount, with a minimum charge of £3. The terms for balance transfers are provided separately in the offer sent to you.",Hanley,High,,"credit limit, balance transfer",7.9,6.7,39,38
2,cfpb_consumer_advisory.txt,"You can contact the credit reporting companies directly to dispute errors or file a complaint with the Bureau, and if you have further questions about credit reports or scores, you can visit Ask CFPB, an online database of common financial questions and answers.",2,43,20.4,"You can contact the credit reporting companies directly to dispute errors or file a complaint with the Bureau. If you have further questions about credit reports or scores, you can visit Ask CFPB, an online database of common financial questions and answers.",Hanley,High,,"credit reporting companies, credit report, credit score",20.4,12.0,43,42
3,hsbc_personal_loan_tandc.txt,"After you have made your first repayment, you can ask us to change your monthly repayment date; although we cannot change your next payment date, we can change all later payment dates, and in some cases we may require you to repay the loan immediately.",2,45,18.7,"After your first repayment, you can ask us to change your monthly repayment date. We cannot change your next payment date, but we can change all later payment dates. In some cases, we may require you to repay the loan immediately.",Hanley,High,,repayment date,18.7,6.7,45,41
4,fca_consumer_credit_guide.txt,"Threshold Conditions (COND): This sets out minimum conditions which all firms must meet if they wish to be authorised. Once authorised, firms must continue to meet these standards on an ongoing basis.",2,32,8.7,"Threshold Conditions (COND): This sets out the minimum conditions all firms must meet in order to be authorised. Once authorised, firms must continue to meet these standards on an ongoing basis.",Hanley,High,,"authorised, Threshold Conditions",8.7,9.1,32,31
5,fca_consumer_credit_guide.txt,"General Provisions (GEN): This sets out some of the standards that apply to all firms in terms of their interaction with us, including statutory disclosure statements and use of the FCA name or logo.",2,34,16.1,"General Provisions (GEN): This sets out the standards that apply to all firms in their dealings with us, including required disclosure statements and the rules on using the FCA name or logo.",Hanley,High,,"FCA, disclosure statements, General Provisions",16.1,15.3,34,32
6,nationwide_mortgage_conditions.txt,"If we appoint a receiver, youll also appoint them as your attorney. This will be a separate appointment and the receiver will be allowed to do all the things that we can do under our power of attorney.",2,38,9.5,"If we appoint a receiver (a person given authority to manage assets on our behalf), you will also appoint them as your attorney. This will be a separate appointment, and the receiver will be allowed to do everything that we can do under our power of attorney.",Hanley,High,,"receiver, attorney, power of attorney",9.5,12.9,38,47
7,cfpb_consumer_advisory.txt,Consider products that help you rebuild your credit. Products like secured credit cards andcredit builder loans are specifically designed to help you build a positive credit history.,3,27,11.5,Consider products that help you rebuild your credit. Products like secured credit cards and credit builder loans are specifically designed to help you build a positive credit history.,Hanley,High,,"secured credit cards, credit builder loans, credit history",11.5,10.9,27,28
8,fca_consumer_lending_strategy.txt,This letter sets out our updated view on the key risks of harm we believe Consumer Lending firms may pose to their consumers and the markets in which they operate. This will shape our focus and engagement with the Consumer Lending market over the next two years.,2,47,10.6,This letter sets out our updated view on the key risks of harm that Consumer Lending firms may pose to their customers and the markets in which they operate. This will shape our focus and engagement with the Consumer Lending market over the next two years.,Hanley,High,,Consumer Lending,10.6,10.3,47,46
9,sec_interest_rate_risk.txt,"A fundamental principle of bond investing is that market interest rates and bond prices generally move in opposite directions: when market interest rates rise, the prices of fixed-rate bonds fall, a phenomenon known as interest rate risk.",2,37,20.2,"A key principle of bond investing is that market interest rates and bond prices generally move in opposite directions. When market interest rates rise, the prices of fixed-rate bonds fall. This is known as interest rate risk.",Hanley,High,,"bond, market interest rates, interest rate risk, fixed-rate bonds",20.2,8.7,37,37
10,nationwide_current_account_tandc.txt,"These checks are part of most account application processes  however, they will leave a record on your credit file that other lenders can see. This might affect your ability to get credit elsewhere for a short while.",2,38,9.5,"These checks are part of most account application processes. However, they will leave a record on your credit file that other lenders can see. This may affect your ability to get credit elsewhere for a short period.",Hanley,High,,"credit file, credit check",9.5,7.4,38,37
11,fca_consumer_lending_strategy.txt,"Our Priorities: We want to support a sustainable and effective Consumer Lending market in which consumers who can afford to borrow, have access to credit that meets their needs. Firms offering credit must do so responsibly.",2,36,10.8,Our priorities: We want to support a sustainable and effective Consumer Lending market in which consumers who can afford to borrow have access to credit that meets their needs. Firms offering credit must do so responsibly.,Hanley,High,,"Consumer Lending, credit",10.8,10.8,36,36
12,nationwide_current_account_tandc.txt,"When we share your information with credit reference agencies theyll use this to check your credit rating, along with the other details youve given us. These checks are part of most account application processes  however, they will leave a record on your credit file that other lenders can see. This might affect your ability to get credit elsewhere for a short while.",2,63,10.6,"When we share your information with credit reference agencies, they will use it to check your credit rating, along with the other details you have given us. These checks are part of most account application processes. However, they will leave a record on your credit file that other lenders can see. This may affect your ability to get credit elsewhere for a short period.",Hanley,High,,"credit reference agencies, credit rating, credit file",10.6,8.7,63,64
13,fca_consumer_credit_guide.txt,"Credit broking where the sale of goods or non-financial services is the main business, and broking is a secondary activity to help finance the purchase of those goods or services (such as certain motor dealerships and high-street retailers that introduce customers to a finance provider)",2,45,22.7,"Credit broking where the main business is selling goods or non-financial services, and where arranging finance is a secondary activity to help customers pay for those goods or services — for example, certain car dealerships and high-street retailers that refer customers to a finance provider.",Hanley,High,,"credit broking, finance provider",22.7,23.2,45,45
14,cfpb_secured_unsecured_loans.txt,"This trust is based on their credit history what borrowers have done in the past that gives them a good credit rating. Because unsecured loans put lenders at higher risk, they may have a higher interest rate than secured loans.",2,40,9.9,"This trust is based on borrowers' credit history — what they have done in the past that gives them a good credit rating. Because unsecured loans put lenders at higher risk, they may carry a higher interest rate than secured loans.",Hanley,High,,"credit history, credit rating, unsecured loans, secured loans",9.9,10.2,40,41
15,nationwide_savings_tandc.txt,"You may have to pay a charge, lose interest, or give notice before closing your account unless other terms and conditions say you dont. For example, you wont have to do this if we make a change to the terms and conditions thats to your disadvantage.",2,46,9.3,"You may have to pay a charge, lose interest, or give notice before closing your account, unless the terms and conditions say otherwise. For example, you will not have to do this if we make a change to the terms and conditions that is to your disadvantage.",Hanley,High,,terms and conditions,9.3,9.6,46,47
16,hsbc_summary_box.txt,"If you are over your credit limit (even if we have allowed you to go over):  If a payment is returned unpaid: If we need to enforce repayment, including legal and tracing costs: Our reasonable costs.",3,36,16.8,"If you are over your credit limit (even if we allowed you to exceed it): our reasonable costs apply. If a payment is returned unpaid: our reasonable costs apply. If we need to enforce repayment, including legal and tracing costs: our reasonable costs apply.",Hanley,High,,credit limit,16.8,9.2,36,44
17,sec_interest_rate_risk.txt,"In fact, the U.S. government does not guarantee the market price or value of the bond if you sell the bond before it matures. This is because the market price or value of the bond can change over time based on several factors, including market interest rates.",2,47,5.8,"The U.S. government does not guarantee the market price or value of the bond if you sell it before it matures. This is because the market value of a bond can change over time based on several factors, including market interest rates.",Hanley,High,,"bond, market interest rates, market price",5.8,5.9,47,42
18,cfpb_credit_card_guide.txt,"If you did not have a consumer credit licence on 31 March 2014, or you did not notify us that you wished to receive interim permission, you can apply for authorisation at any point but you cannot carry on any credit-related regulated activities, for which you require authorisation, until we approve your application.",2,53,26.0,"If you did not hold a consumer credit licence on 31 March 2014, or did not notify us that you wished to receive interim permission, you may apply for authorisation at any time. However, you cannot carry on any credit-related regulated activities that require authorisation until we have approved your application.",Hanley,High,,"consumer credit licence, interim permission, authorisation, regulated activities",26.0,16.3,53,51
19,nationwide_current_account_tandc.txt,"Our Current Account Interest Rates and Charges leaflet sets out the accounts upon which we pay interest and our charges. Our current interest rates and charges are available from any of our branches, on our website and in our Current Account Interest Rates and Charges leaflet.",2,46,12.6,"Our Current Account Interest Rates and Charges leaflet sets out the accounts on which we pay interest and our charges. Our current interest rates and charges are available at any of our branches, on our website, and in our Current Account Interest Rates and Charges leaflet.",Hanley,High,,"interest rates, charges",12.6,12.4,46,46
20,cfpb_credit_card_guide.txt,This answer guide provides possible answers for the Getting a credit card and using it wisely worksheet. Keep in mind that students answers may vary. The important thing is for students to have reasonable justification for their answers.,3,38,8.6,This answer guide provides possible answers for the 'Getting a credit card and using it wisely' worksheet. Keep in mind that students' answers may vary. The important thing is that students can give a reasonable explanation for their answers.,Hanley,High,,credit card,8.6,8.2,38,39
21,sec_interest_rate_risk.txt,"For example, as the table below illustrates, lets say a treasury bond offers a 3 coupon rate, and a year later market interest rates fall to 2 . The bond will still pay a 3 coupon rate, making it more valuable than new bonds paying just a 2 coupon rate.",2,50,10.2,"For example, if a treasury bond offers a 3% coupon rate and, a year later, market interest rates fall to 2%, the bond will still pay a 3% coupon rate. This makes it more valuable than new bonds paying only a 2% coupon rate.",John,High,,"treasury bond, coupon rate, market interest rates",10.2,8.8,50,44
22,hsbc_personal_loan_tandc.txt,We charge a fixed amount of interest which we add to the loan when we open the loan account. The total amount payable What are our rights if you miss a repayment by you is the sum of interest and the loan.,2,42,7.8,"We charge a fixed amount of interest, which we add to the loan when the loan account is opened. The total amount payable by you is the sum of the loan and the interest.",John,High,,"interest, total amount payable",7.8,6.7,42,34
23,hsbc_credit_card_tandc.txt,"You mustnt use your card for any illegal purposes or to make certain types. When changes take effect of restricted transactions. Well give you information about which types of If the Base Rate changes, your simple standard and cash interest rates will transaction are not allowed from time to time.",2,50,9.1,"You must not use your card for any illegal purposes or for certain types of restricted transactions. We will tell you from time to time which types of transactions are not allowed. If the Base Rate changes, your standard and cash interest rates will change accordingly.",John,High,,"Base Rate, restricted transactions, interest rates",9.1,8.3,50,46
24,cfpb_secured_unsecured_loans.txt,Suggested activities include Qualifying for loans and Calculating loan payments. You also may consider having students get an estimated credit score at the FICO Score Estimator1 at fico-credit-score-estimator estimator. The CFPB does not endorse this third party or guarantee the accuracy of this third-party information.,2,45,14.6,Suggested activities include 'Qualifying for loans' and 'Calculating loan payments'. You may also consider having students estimate their credit score using the FICO Score Estimator. Please note that the CFPB does not endorse this third party or guarantee the accuracy of the information it provides.,John,High,,"credit score, FICO Score, CFPB",14.6,11.5,45,45
25,bank_of_scotland_cc_tandc.txt,The cost to use your credit card depends on the interest rates and any introductory or promotional offers you have. What is the interest rate? We use both simple and effective rates when we explain the interest rates we charge you.,3,41,8.2,The cost of using your credit card depends on the interest rates and any introductory or promotional offers you have. We use both simple and effective interest rates when explaining the rates we charge you.,John,High,,"interest rates, promotional offers, simple interest, effective interest",8.2,10.8,41,35
26,fca_consumer_credit_guide.txt,"Financial crime and intelligence All consumer credit firms are required to put in place systems and controls to mitigate the risk that they may be used to further financial crime. We look at the measures firms take to monitor, detect and prevent financial crime risk effectively.",2,46,12.9,"Financial crime and intelligence: all consumer credit firms must put in place systems and controls to reduce the risk that they may be used to facilitate financial crime. We review the steps firms take to monitor, detect, and prevent financial crime effectively.",John,High,,"financial crime, consumer credit firms",12.9,12.3,46,42
27,cfpb_credit_card_guide.txt,"Using credit: In your own words, explain how a credit card works. When you use a credit card, someone lends you money to buy something.",3,25,5.3,"Using credit: In your own words, explain how a credit card works. When you use a credit card, someone lends you money to buy something.",John,High,,"credit card, credit",5.3,5.3,25,25
28,nationwide_mortgage_conditions.txt,e'll make sure any increase in your interest rate is Changes to your property proportionate to the reason for increasing it. You must not change the structure of your property or extend it in a way that reduces its value.,2,40,9.6,We will make sure any increase in your interest rate is proportionate to the reason for making it. You must not change the structure of your property or extend it in a way that reduces its value.,John,High,,interest rate,9.6,8.2,40,37
29,fca_consumer_credit_guide.txt,We wrote to firms to tell them when they should apply. Authorisation is our equivalent of the OFT consumer credit licensing regime. Firms that want to carry on regulated activities must apply for authorisation (unless they are exempt or an appointed representative).,3,42,11.5,"We wrote to firms to tell them when they should apply. Authorisation is our equivalent of the OFT consumer credit licensing regime. Firms that wish to carry on regulated activities must apply for authorisation, unless they are exempt or are an appointed representative.",John,High,,"authorisation, OFT, regulated activities, appointed representative",11.5,11.1,42,43
30,cfpb_credit_card_guide.txt,"Why is it a good idea to pay your entire credit card bill each month? If you can pay your entire bill every month, you wont have to pay interest. That makes credit less expensive for you.",3,37,4.8,"Why is it a good idea to pay your entire credit card bill each month? If you pay your entire bill every month, you will not have to pay interest. This makes credit less expensive for you.",John,High,,"credit card, interest",4.8,4.8,37,37
31,hsbc_credit_card_tandc.txt,"For example, proof of identity. We can also cancel or suspend the use of the account where: Youve been in persistent debt for two 18-month periods in a row. That means youve paid more interest, fees and charges than the amount youve repaid.",2,43,6.2,"For example, proof of identity. We can also cancel or suspend use of the account where you have been in persistent debt for two consecutive 18-month periods. This means you have paid more in interest, fees, and charges than the amount you have repaid.",John,High,,"persistent debt, interest, fees",6.2,7.0,43,44
32,bank_of_scotland_cc_tandc.txt,Well charge a default fee and interest on it.  If you keep missing payments We can require you to pay back your full balance if you dont pay missed payments when we ask.,3,33,5.9,"We will charge a default fee and interest on it. If you keep missing payments, we can require you to repay your full balance if you do not pay the missed payments when we ask.",John,High,,"default fee, interest, balance",5.9,6.4,33,35
33,fca_consumer_credit_guide.txt,"These are led by our Competition Department. Market studies analyse the effectiveness of competition in different markets, and identify areas where we can intervene to promote more effective competition. The purpose of a market study is to understand whether competition is working effectively in the interests of consumers.",3,48,14.5,These are led by our Competition Department. Market studies analyse how effectively competition is working in different markets and identify areas where we can intervene to promote more effective competition. The purpose of a market study is to understand whether competition is working in the interests of consumers.,John,High,,"market study, competition",14.5,13.8,48,48
34,bank_of_scotland_cc_tandc.txt,How much does it cost to use a credit card? The cost to use your credit card depends on the interest rates and any introductory or promotional offers you have.,2,30,8.0,How much does it cost to use a credit card? The cost depends on the interest rates and any introductory or promotional offers you have.,John,High,,"credit card, interest rates, promotional offers",8.0,7.7,30,25
35,sec_interest_rate_risk.txt,"Maturity can also affect interest rate risk. The longer the bonds maturity, the greater the risk that the bonds value could be impacted by changing interest rates prior to maturity, which may have a negative effect on the price of the bond.",2,42,11.1,"Maturity can also affect interest rate risk. The longer a bond's maturity, the greater the risk that its value may be affected by changing interest rates before it matures, which may have a negative effect on the bond's price.",John,High,,"maturity, interest rate risk, bond",11.1,11.1,42,39
36,bank_of_scotland_cc_tandc.txt,"We dont pay interest on credit balances or take them into account for any loyalty or reward schemes. Paying by Direct Debit You can set up a Direct Debit, for example to pay the minimum payment, a fixed amount, or the full balance each month.",2,45,10.8,"We do not pay interest on credit balances or take them into account for any loyalty or reward schemes. You can set up a Direct Debit to pay, for example, the minimum payment, a fixed amount, or the full balance each month.",John,High,,"credit balance, Direct Debit, minimum payment",10.8,10.0,45,42
37,nationwide_current_account_tandc.txt,"We wont be responsible if you ask us to make a payment to another person and the recipients bank delays crediting the money to the recipients account. This could happen if, for example, they need to carry out security checks.",2,40,10.2,"We will not be responsible if you ask us to make a payment to another person and the recipient's bank delays crediting the money to their account. This could happen if, for example, the recipient's bank needs to carry out security checks.",John,High,,security checks,10.2,10.3,40,42
38,barclaycard_general_tandc.txt,"Some people may want to get a secured credit card if they cant get an unsecured credit card. This gives you a credit card and helps to build up your credit record if you pay it on time, every time.",3,40,7.8,"Some people may want to get a secured credit card if they cannot get an unsecured credit card. A secured credit card helps you build your credit record if you pay on time, every time.",John,High,,"secured credit card, unsecured credit card, credit record",7.8,8.1,40,35
39,barclaycard_general_tandc.txt,"Once you ve told us youre withdrawing from this agreement, youll have 30 days to pay back anything youve spent on your card. If you dont repay us within 30 days, we may charge interest in line with the terms of this agreement.",2,43,7.9,"Once you have told us you are withdrawing from this agreement, you will have 30 days to repay anything you have spent on your card. If you do not repay within 30 days, we may charge interest in line with the terms of this agreement.",John,High,,"withdrawing, interest",7.9,8.4,43,45
40,fca_consumer_lending_strategy.txt,"We will work closely with the Government and industry on this. We published our consultation paper , on strengthening protections for consumers in financial difficulty, moving aspects of the Tailored Support Guidance (TSG) for Consumer Credit and Mortgages into our Handbook on a permanent basis.",2,45,15.2,"We will work closely with the Government and industry on this. We published our consultation paper on strengthening protections for consumers in financial difficulty, and on moving aspects of the Tailored Support Guidance for Consumer Credit and Mortgages into our Handbook on a permanent basis.",John,High,,"Tailored Support Guidance, Consumer Credit, consultation paper",15.2,15.2,45,45
41,amazon_barclaycard_tandc.txt,"Before we make a promotional offer We may also charge you an amount to cover any other reasonable costs or available, well tell you the terms of the promotion. Theres more information losses we must pay if you break this agreement. below on the interest rate(s) associated with promotional balances.",2,50,11.0,"Before we make a promotional offer available, we will tell you the terms of the promotion. There is more information below on the interest rates associated with promotional balances. We may also charge you an amount to cover any other reasonable costs or losses we incur if you break this agreement.",Gianni,High,,"promotional offer, promotional balances, interest rates",11.0,10.9,50,51
42,amazon_barclaycard_tandc.txt,"If you become bankrupt (or enter into a voluntary arrangement with your We may also sell your debt on to another organisation. If you have other creditors) or if we believe this is likely to happen accounts with Barclays, we may use money in those accounts to pay us.",2,49,12.5,"If you become bankrupt or enter into a voluntary arrangement with your creditors, or if we believe this is likely, we may sell your debt to another organisation. If you have other accounts with Barclays, we may use money in those accounts to repay what you owe us.",Gianni,High,,"bankrupt, voluntary arrangement, creditors",12.5,12.2,49,48
43,nationwide_mortgage_conditions.txt,"When you take out this mortgage, you appoint us to be your attorney. These powers will only end when you have paid back all the money you owe us and we no longer have a legal charge over the property.",2,40,7.6,"When you take out this mortgage, you appoint us as your attorney. These powers will only end when you have repaid all the money you owe us and we no longer hold a legal charge over the property.",Gianni,High,,"mortgage, attorney, legal charge",7.6,7.7,40,38
44,barclaycard_general_tandc.txt,"You wont be able to use a claim against the retailer (or anyone else) to make a claim against us, or to refuse to pay us. However, this doesnt affect your rights under Section 75 of the Consumer Credit Act 1974 (or any replacement act or rule).",2,47,10.4,"You cannot use a dispute with a retailer or anyone else to make a claim against us or to refuse to pay us. However, this does not affect your rights under Section 75 of the Consumer Credit Act 1974 or any replacement legislation.",Gianni,High,,"Section 75, Consumer Credit Act 1974",10.4,10.6,47,43
45,hsbc_credit_card_tandc.txt,This could also include interest charged on any amounts carried over from your June statement. We also charge interest on trailing interest so even if you pay the trailing interest in full in September we may charge further interest on the account.,2,42,12.0,"This may also include interest charged on any amounts carried over from your June statement. We also charge interest on trailing interest (interest that continues to accrue after a payment). So even if you pay the trailing interest in full in September, we may charge further interest on the account.",Gianni,High,,"trailing interest, compound interest",12.0,10.5,42,50
46,cfpb_secured_unsecured_loans.txt,"Wrap-up If time allows, ask students to complete an exit ticket responding to the following prompt: How would you describe the difference between a secured and an unsecured loan? Consider searching for other CFPB activities that address the topic of borrowing, including getting loans and managing credit.",2,47,14.4,"Wrap-up: If time allows, ask students to complete an exit ticket responding to the following question: How would you describe the difference between a secured and an unsecured loan? You may also search for other CFPB activities on the topic of borrowing, including getting loans and managing credit.",Gianni,High,,"secured loan, unsecured loan, CFPB",14.4,13.9,47,48
47,fca_consumer_lending_strategy.txt,"Offering new products can potentially present risks to consumers, as well as benefits. Clear responsibility for new products, and accountability through the Senior Manager Regime, is a priority to ensure good outcomes for, and fair treatment of, consumers.",2,38,14.2,"Offering new products can present risks to consumers as well as benefits. Clear responsibility for new products, and accountability through the Senior Manager Regime, is a priority to ensure good outcomes and fair treatment for consumers.",Gianni,High,,Senior Manager Regime,14.2,13.4,38,36
48,nationwide_savings_tandc.txt,"You have, or we reasonably believe you have, used the account for illegal or fraudulent purposes. By keeping your account open, we reasonably believe we may: break a law, regulation, code, court order or other duty, be exposed to action from a regulator, government or law enforcement agency.",2,48,14.9,"You have, or we reasonably believe you have, used the account for illegal or fraudulent purposes. By keeping your account open, we reasonably believe we may break a law, regulation, code, court order, or other duty, or be exposed to action from a regulator, government, or law enforcement agency.",Gianni,High,,"fraudulent, regulator",14.9,14.9,48,49
49,amazon_barclaycard_tandc.txt,"With your account, well give you a digital card which you can access in the app linked to your account. Youll be able to use the digital card in some digital wallets, and the digital card details for online transactions.",2,40,9.0,"With your account, we will give you a digital card that you can access in the app linked to your account. You will be able to use the digital card in some digital wallets and for online transactions.",Gianni,High,,"digital card, digital wallets",9.0,8.0,40,38
50,hsbc_summary_box.txt,If you're late making the minimum payment: £12. If you're over your credit limit (even if we've allowed you to go over): £12. If a payment is returned unpaid: £5.,3,30,6.0,If you are late making the minimum payment: £12. If you are over your credit limit (even if we allowed you to exceed it): £12. If a payment is returned unpaid: £5.,Gianni,High,,"minimum payment, credit limit",6.0,5.9,30,32
51,amazon_barclaycard_tandc.txt,You can find a link to the current Base Rate in the frequently asked questions section of the app. Your promotional interest rate will not move in line with the Base Rate.,2,32,6.5,You can find a link to the current Base Rate in the frequently asked questions section of the app. Your promotional interest rate will not change in line with the Base Rate.,Gianni,High,,"Base Rate, promotional interest rate",6.5,6.5,32,32
52,cfpb_secured_unsecured_loans.txt,"If time allows, ask students to complete an exit ticket responding to the following prompt: How would you describe the difference between a secured and an unsecured loan?",2,28,14.7,"If time allows, ask students to complete an exit ticket responding to the following question: How would you describe the difference between a secured and an unsecured loan?",Gianni,High,,"secured loan, unsecured loan",14.7,15.1,28,28
53,hsbc_personal_loan_tandc.txt,"You must repay the loan, without delay, within 30 days, starting the day after you tell us that you want to withdraw, together with interest for each day until you repay. We wont charge any interest if you repay the loan in full within 14 days starting the day we provide the loan. You can repay by calling us or by visiting one of our branches.",2,66,9.3,"You must repay the loan within 30 days of telling us you wish to withdraw, without delay, starting the day after you notify us. Interest will be charged for each day until you repay. We will not charge interest if you repay in full within 14 days of the date we provide the loan. You can repay by calling us or visiting one of our branches.",Gianni,High,,"withdraw, interest",9.3,7.1,66,66
54,cfpb_consumer_advisory.txt,"The company tells you it can get rid of the negative credit information in your credit report in a short period (even if that information is accurate and up-to-date), promises a specific increase in credit score, or guarantees results. No one can do this.",2,44,12.6,"The company tells you it can remove negative information from your credit report quickly, even if that information is accurate and up to date. It promises a specific improvement to your credit score or guarantees results. No company can do this.",Gianni,High,,"credit report, credit score",12.6,10.2,44,41
55,cfpb_secured_unsecured_loans.txt,"Print a single-sided copy of the ""Items you can purchase with secured or unsecured loans"" game cards in this guide on a second color of paper for each student group.",2,30,13.8,Print a single-sided copy of the 'Items you can purchase with secured or unsecured loans' game cards on a second colour of paper for each student group.,Gianni,High,,"secured loans, unsecured loans",13.8,13.3,30,27
56,hsbc_personal_loan_tandc.txt,"You can repay all, or part, of the loan early by giving us notice in writing or by telephone. If you give us notice, we will tell you the amount needed to repay the loan in full within the next 28 days (or on a later date you tell us).",3,50,9.0,"You can repay all or part of the loan early by giving us notice in writing or by telephone. If you give notice, we will tell you the amount needed to repay the loan in full within the next 28 days or on a later date you specify.",Gianni,High,,early repayment,9.0,9.3,50,48
57,cfpb_consumer_advisory.txt,Consider products that help you rebuild your credit. Products like secured credit cards andcredit builder loans are specifically designed to help you build a positive credit history.,3,27,11.5,Consider products that help you rebuild your credit. Products like secured credit cards and credit builder loans are specifically designed to help you build a positive credit history.,Gianni,High,,"secured credit cards, credit builder loans, credit history",11.5,10.9,27,28
58,cfpb_credit_card_guide.txt,"Some people may want to get a secured credit card if they cant get an unsecured credit card. This gives you a credit card and helps to build up your credit record if you pay it on time, every time.",3,40,7.8,"Some people may want to get a secured credit card if they cannot get an unsecured credit card. A secured credit card helps you build your credit record if you pay on time, every time.",Gianni,High,,"secured credit card, unsecured credit card, credit record",7.8,8.1,40,35
59,fca_consumer_lending_strategy.txt,"For credit unions in particular, we have seen this result in further rationalisation and an increase in Transfers of Engagement. Boards should proactively plan ahead, including succession planning, as this supports effective governance which is fundamental to the viability of the business and delivering good consumer outcomes.",2,47,16.9,"For credit unions in particular, we have seen this lead to further consolidation and an increase in Transfers of Engagement. Boards should plan ahead proactively, including succession planning, as this supports effective governance and is fundamental to the viability of the business and the delivery of good outcomes for consumers.",Gianni,High,,"credit unions, Transfers of Engagement, succession planning, governance",16.9,16.3,47,50
60,fca_consumer_credit_guide.txt,We collect data from all regulated firms on a regular basis. This is a key part of our approach to supervision. The information we collect is an important aid to our work: it identifies trends and emerging risks and helps us to monitor compliance.,3,44,8.9,"We collect data from all regulated firms on a regular basis. This is a key part of our approach to supervision. The information we collect helps us identify trends and emerging risks, and helps us monitor compliance.",Gianni,High,,"regulated firms, supervision, compliance",8.9,8.7,44,37
61,hsbc_personal_loan_tandc.txt,"In any of these cases, we can: demand immediate repayment of the loan; disclose information about you and the conduct of your loan to licensed credit reference agencies (which may make it more difficult for you to borrow in future); restrict access to credit on other accounts you have with us (such as an overdraft or credit card);",2,58,25.5,"In any of these cases, we can: demand immediate repayment of the loan; share information about you and your loan conduct with licensed credit reference agencies, which may make it more difficult for you to borrow in future; or restrict your access to credit on other accounts you hold with us, such as an overdraft or credit card.",Stefani,High,,"credit reference agencies, overdraft, credit card",25.5,25.1,58,58
62,barclaycard_general_tandc.txt,You can find the current Base Rate on our website or by calling customer services. Your promotional or purchase plan interest rates will not move in line with the Base Rate.,2,31,7.6,You can find the current Base Rate on our website or by calling customer services. Your promotional or purchase plan interest rates will not change in line with the Base Rate.,Stefani,High,,"Base Rate, promotional interest rate, purchase plan",7.6,7.6,31,31
63,hsbc_credit_card_tandc.txt,"For example, if an additional cardholder makes a payment that takes the amount on the account over the credit limit, youre responsible for that. Well cancel an additional card when you tell us to.",3,34,9.8,"For example, if an additional cardholder makes a payment that takes the account over the credit limit, you are responsible for that. We will cancel an additional card when you ask us to.",Stefani,High,,"credit limit, additional cardholder",9.8,9.4,34,33
64,sec_interest_rate_risk.txt,"Lenders may offer people with higher credit scores unsecured loans. These loans require no collateral, so the bank or lending institution is trusting that these borrowers will pay them back. This trust is based on their credit history,what borrowers have done in the past that gives them a good credit rating.",2,51,9.5,"Lenders may offer unsecured loans to people with higher credit scores. These loans require no collateral, so the bank or lending institution is trusting that the borrower will repay. This trust is based on the borrower's credit history — what they have done in the past that gives them a good credit rating.",Stefani,High,,"unsecured loans, collateral, credit score, credit history, credit rating",9.5,9.6,51,53
65,hsbc_summary_box.txt,"We won't charge interest on any purchases shown in a statement if you pay the full transaction balance and any monthly instalment plan payments by the payment due date. Otherwise, the period over which interest is charged will be: From: Date charged to your account Until: Paid in full.",2,49,12.0,"We will not charge interest on purchases shown in a statement if you pay the full transaction balance and any monthly instalment plan payments by the payment due date. Otherwise, interest will be charged from the date the transaction was added to your account until it is paid in full.",Stefani,High,,"transaction balance, instalment plan, payment due date",12.0,11.9,49,50
66,bank_of_scotland_cc_tandc.txt,This table shows when different fees apply and what interest we may charge on them for transactions outside any promotional offers and on any remaining balance when they end. We add fees and charges to the most relevant type of balance.,2,41,10.2,This table shows when different fees apply and what interest we may charge on transactions outside any promotional offers and on any remaining balance when those offers end. We add fees and charges to the most relevant type of balance.,Stefani,High,,"promotional offers, fees, balance",10.2,10.5,41,40
67,hsbc_credit_card_tandc.txt,"But, if you have a dispute with someone else over a transaction, you must keep making payments to us while youre trying to sort it out. What could happen if you miss payments? Missing payments could make it more difficult to get credit in future.",3,45,6.0,"If you have a dispute with someone else over a transaction, you must keep making payments to us while you are trying to resolve it. Missing payments could make it more difficult to get credit in future.",Stefani,High,,"dispute, credit",6.0,7.9,45,37
68,fca_consumer_credit_guide.txt,"Firms also have to comply with our rules to record, report and, where appropriate, publish certain complaints information. Prudential and client money rules For debt management firms, we have rules requiring firms to hold certain levels of capital (prudential rules) and rules on holding their customers money (client money rules).",2,50,14.7,"Firms must also comply with our rules on recording, reporting, and, where appropriate, publishing certain complaints information. For debt management firms, we have rules requiring them to hold certain levels of capital and to keep their customers' money separate from the firm's own money.",Stefani,High,,"debt management firms, capital, client money rules, prudential rules",14.7,13.4,50,44
69,barclaycard_general_tandc.txt,"We currently show you compound interest rates, which is interest charged on interest if you dont repay your outstanding balance in full each month. When your simple standard and cash interest rates start to move with the Base Rate, well need to also start showing you the simple interest rate. These will be shown alongside the compound equivalent.",2,58,9.7,"We currently show you compound interest rates (interest charged on top of interest already owed if you do not repay your full balance each month). When your standard and cash interest rates start to move with the Base Rate, we will also start showing you the simple interest rate. Both rates will be shown together.",Stefani,High,,"compound interest, simple interest rate, Base Rate",9.7,9.2,58,55
70,cfpb_consumer_advisory.txt,"If you apply for a lot of credit over a short period of time, it may appear to lenders that your economic circumstances have changed negatively. Review and fact-check your credit report.",2,32,10.2,"If you apply for a lot of credit over a short period of time, lenders may think your financial situation has got worse. Review and check your credit report for accuracy.",Stefani,High,,"credit report, credit",10.2,8.0,32,31
71,bank_of_scotland_cc_tandc.txt,Your APR and Total Amount Payable are calculated at the time the agreement is made. We dont include any introductory or promotional offers or any cashback you could earn.,2,29,9.6,"Your APR (the yearly cost of borrowing, shown as a percentage) and the total amount you will pay back are calculated when the agreement is made. We do not include any introductory or promotional offers or any cashback you could earn.",Stefani,High,,"APR, total amount payable, promotional offers",9.6,11.4,29,41
72,sec_interest_rate_risk.txt,"For people who are just starting to build their credit or who have students should be encouraged lower credit scores, it may be easier to get a secured loan than an to always look for the most unsecured loan. Secured loans require the borrower to provide up-to-date information.",2,48,12.2,"For people who are just starting to build their credit or who have lower credit scores, it may be easier to get a secured loan than an unsecured loan. Secured loans require the borrower to provide collateral. Students should be encouraged to always look for the most up-to-date information.",Stefani,High,,"secured loan, unsecured loan, collateral, credit score",12.2,9.8,48,49
73,cfpb_consumer_advisory.txt,Understand how to read your credit report. To learn more about credit reporting in general please visit the CFPBs website. 2. Get a copy of your free credit report from annualcreditreport.com from each of the big nationwide credit reporting companies and review it every year.,3,45,7.8,"Learn how to read your credit report. To find out more about credit reporting, visit the CFPB's website. Get a free copy of your credit report from annualcreditreport.com from each of the major nationwide credit reporting companies and review it every year.",Stefani,High,,"credit report, credit reporting companies, CFPB",7.8,8.2,45,42
74,fca_consumer_credit_guide.txt,"Firms must have a certain legal status to carry out certain regulated activities. (Does not apply to FCA-only regulated firms, i.e. those that are not also regulated by the Prudential Regulation Authority).",2,32,10.0,"Firms must have a certain legal status in order to carry out certain regulated activities. This requirement does not apply to FCA-only regulated firms — that is, firms that are not also regulated by the Prudential Regulation Authority.",Stefani,High,,"regulated activities, FCA, Prudential Regulation Authority",10.0,13.9,32,38
75,fca_consumer_lending_strategy.txt,"For some consumers, credit will not be the right answer. Access to unaffordable credit is harmful to consumers' financial and personal wellbeing. In instances where prospective consumers are declined credit, we expect firms, as set out in the Consumer Duty Guidance, to provide other forms of support. ",2,47,10.9,"For some consumers, credit will not be the right answer. Access to unaffordable credit can harm consumers' financial and personal wellbeing. Where prospective consumers are declined credit, we expect firms, as set out in the Consumer Duty guidance, to provide other forms of support.",Stefani,High,,"Consumer Duty, credit",10.9,10.2,47,44
76,barclaycard_general_tandc.txt,We charge different interest rates on different balances. Your simple standard and cash interest rates will move up and down in line with changes to the Bank of England Base Rate ,2,31,14.0,We charge different interest rates on different balances. Your standard and cash interest rates will move up and down in line with changes to the Bank of England Base Rate.,Stefani,High,,"interest rates, Base Rate, Bank of England",14.0,8.0,31,30
77,cfpb_credit_card_guide.txt,"Credit scores are based on experience over time. The more experience you have using credit responsibly and paying your bills on time, the more information there is to determine whether you are a good credit risk.",2,36,9.8,"Credit scores are built up over time based on experience. The more experience you have using credit responsibly and paying your bills on time, the more information there is to assess whether you are a good credit risk.",Stefani,High,,"credit score, credit risk",9.8,9.5,36,38
78,hsbc_credit_card_tandc.txt,"Based on that information, we might change our view about whether you can actually repay us. If we do, we may change the rates that apply to you (unless we know that youre at risk of financial difficulties) and we may reduce your credit limit.",2,45,10.2,"Based on that information, we may change our view about whether you can repay us. If we do, we may change the rates that apply to you — unless we know you are at risk of financial difficulties — and we may reduce your credit limit.",Stefani,High,,"credit limit, interest rates, financial difficulties",10.2,9.8,45,46
79,cfpb_consumer_advisory.txt,"Review and fact-check your credit report. If you find an error, dispute it with the credit reporting company or the business that furnished the information to the credit reporting company.",2,30,11.1,"Review your credit report and check it for errors. If you find an error, dispute it with the credit reporting company or the business that provided the information to the credit reporting company.",Stefani,High,,"credit report, credit reporting company",11.1,10.9,30,33
80,nationwide_mortgage_conditions.txt,"Where the debtor has exercised a right to redeem, and has made payment of the whole amount due, or has performed the whole obligations of the debtor under the contract to which the security relates, the creditor shall grant a discharge in the terms prescribed in section 17 of this Act.",2,51,22.1,"Where the borrower has exercised the right to redeem and has paid the full amount owed, or has met all obligations under the contract to which the security relates, the lender must grant a discharge in the form set out in section 17 of this Act.",Stefani,High,,"right to redeem, discharge, security",22.1,19.5,51,46
81,sec_interest_rate_risk.txt,"When market interest rates rise, prices of fixed-rate bonds fall. this phenomenon is known as interest rate risk. A seesaw, such as the one pictured below, can help you visualize the relationship between market interest rates and bond prices.",2,39,9.4,"When market interest rates rise, the prices of fixed-rate bonds fall. This is known as interest rate risk. A seesaw can help you picture the relationship between market interest rates and bond prices: when one goes up, the other goes down.",Stephen,High,,"interest rate risk, fixed-rate bonds, market interest rates",9.4,7.6,39,41
82,amazon_barclaycard_tandc.txt,"If you do, you will have a credit balance on the account. We can return this to you rather than leaving it in the account. You must give us any information we ask for that is reasonably necessary for this purpose.",2,41,6.7,"If you do, you will have a credit balance on the account. We can return this to you rather than leaving it in the account. You must provide us with any information we reasonably ask for in order to do this.",Stephen,High,,credit balance,6.7,6.1,41,41
83,fca_consumer_lending_strategy.txt,"In this letter we focus on three portfolios in the Consumer Lending market: High-Cost Lending, Mainstream Consumer Credit Lending and Credit Unions. When we refer to Consumer Lending throughout this letter, we are only referring to these portfolios.",2,38,12.3,"In this letter we focus on three portfolios in the Consumer Lending market: High-Cost Lending, Mainstream Consumer Credit Lending, and Credit Unions. When we refer to Consumer Lending in this letter, we are referring only to these portfolios.",Stephen,High,,"Consumer Lending, High-Cost Lending, Credit Unions",12.3,12.0,38,38
84,cfpb_consumer_advisory.txt,It simply takes time to repair your credit file. Cant answer questions: The company representative cannot explain the specifics of the services they are offering you or the total cost for those services. Asking a few simple questions can help you determine if you are dealing with a reputable organization.,3,50,10.7,"Repairing your credit file simply takes time. If a company representative cannot explain the services they are offering or the total cost, that is a warning sign. Asking a few simple questions can help you decide whether you are dealing with a trustworthy organisation.",Stephen,High,,credit file,10.7,10.0,50,44
85,hsbc_summary_box.txt,Cash Fee 2.99 of the cash or cash-related payment (minimum 3). Default fees If youre late making the minimum payment: 12. If youre over your credit limit (even if weve allowed you to go over),3,35,6.8,"Cash fee: 2.99% of the cash or cash-related payment, with a minimum charge of £3. Default fees: if you are late making the minimum payment: £12. If you are over your credit limit (even if we allowed you to exceed it): £12.",Stephen,High,,"cash fee, default fees, minimum payment, credit limit",6.8,5.4,35,42
86,fca_consumer_lending_strategy.txt,"In instances where prospective consumers are declined credit, we expect firms, as set out in the Consumer Duty guidance, to provide other forms of support. Ineffective management of declined credit can increase the risk of consumers going to illegal money lenders as they may not be aware of alternative options.",2,50,14.9,"Where prospective consumers are declined credit, we expect firms, as set out in the Consumer Duty guidance, to provide other forms of support. Poor management of declined credit applications can increase the risk of consumers turning to illegal money lenders, as they may not be aware of other options available to them.",Stephen,High,,"Consumer Duty, declined credit, illegal money lenders",14.9,14.7,50,52
87,cfpb_credit_card_guide.txt,"You pay with a credit card from a bank. The bank pays the store for your groceries. The bank sends you the credit card bill, including charges for the groceries.",3,30,3.7,"You pay for your groceries with a credit card from a bank. The bank pays the store on your behalf. The bank then sends you a credit card bill, including the amount charged for your groceries.",Stephen,High,,credit card,3.7,4.5,30,36
88,hsbc_personal_loan_tandc.txt,"The total amount payable by you is the sum of the loan and the interest. What are our rights if you miss a repayment or if we have other concerns? Although the interest is added upfront, we calculate the interest and the APR as if the loan were repaid over time.",2,51,7.2,"The total amount payable by you is the sum of the loan and the interest. Although the interest is added upfront, we calculate the interest and the APR as if the loan were being repaid over time.",Stephen,High,,"total amount payable, APR, interest",7.2,8.2,51,37
89,fca_consumer_credit_guide.txt,The data we ask for is monstly financial information and information about your transaction volumes. The reporting forms which apply to consumer credit firms are set out in the table below.,2,31,10.6,The data we ask for is mostly financial information and details about your transaction volumes. The reporting forms that apply to consumer credit firms are set out in the table below.,Stephen,High,,"consumer credit firms, transaction volumes",10.6,9.9,31,31
90,cfpb_secured_unsecured_loans.txt,"Preparing for this activity:  While its not necessary, completing the Reading about credit scores activity first may make this one more meaningful. Print a single-sided copy of the Characteristics of secured and unsecured loans game cards in this guide on one color of paper for each student group.",2,48,14.2,"While it is not necessary, completing the 'Reading about credit scores' activity first may make this activity more meaningful. Print a single-sided copy of the 'Characteristics of secured and unsecured loans' game cards on one colour of paper for each student group.",Stephen,High,,"credit scores, secured loans, unsecured loans",14.2,13.7,48,42
91,cfpb_secured_unsecured_loans.txt,"Unsecured loan: A loan (such as most types of credit cards) that does not use property as collateral. Lenders consider these loans to be more risky than secured loans, so they may charge a higher rate of interest for them.",2,40,9.6,"Unsecured loan: a loan, such as most credit cards, that does not use property as collateral. Lenders consider these loans to be riskier than secured loans, so they may charge a higher interest rate.",Stephen,High,,"unsecured loan, collateral, secured loans, interest rate",9.6,9.1,40,34
92,cfpb_consumer_advisory.txt,"If you find an error, dispute it with the credit reporting company or the business that furnished the information to the credit reporting company. You can also reach out directly to the credit reporting companies to dispute errors or submit a complaint to the Bureau.",2,45,13.4,"If you find an error, dispute it with the credit reporting company or the business that provided the information. You can also contact the credit reporting companies directly to dispute errors or submit a complaint to the Bureau.",Stephen,High,,credit reporting company,13.4,12.3,45,38
93,nationwide_savings_tandc.txt,"If we do, when we tell you about the change, well explain how it will affect you. Where your product has a fixed end date, we can still reduce the interest rate, or increase any account fee or charge for any other valid reason which isnt listed above.",2,48,9.7,"If we make a change, we will explain how it will affect you when we tell you about it. Where your product has a fixed end date, we can still reduce the interest rate, or increase any account fee or charge, for any other valid reason not listed above.",Stephen,High,,"interest rate, fixed end date",9.7,9.9,48,49
94,nationwide_current_account_tandc.txt,"We may agree to give you an arranged overdraft if you meet the eligibility criteria. If you ask us for an arranged overdraft or to increase an arranged overdraft, we may carry out searches with licensed credit reference agencies before deciding to give you one.",2,45,13.4,"We may agree to give you an arranged overdraft (a pre-agreed borrowing limit) if you meet the eligibility criteria. If you ask for an arranged overdraft or an increase to one, we may carry out searches with licensed credit reference agencies before deciding.",Stephen,High,,"arranged overdraft, credit reference agencies, eligibility criteria",13.4,13.7,45,43
95,nationwide_savings_tandc.txt,"You dont provide us with information we ask you for about your identity or your tax position. If an account holder dies If youre the sole account holder, well pay the money in your account along with any interest to your personal representatives.",2,43,12.0,"If you do not provide us with information we ask for about your identity or tax position, or if the sole account holder dies, we will pay the money in the account along with any interest to the account holder's personal representatives.",Stephen,High,,"personal representatives, tax position",12.0,20.2,43,42
96,amazon_barclaycard_tandc.txt,"If we increase your credit limit, we will always tell you first and give you 30 days notice unless you have asked for the increase yourself. Your account is designed to be used digitally.",2,34,8.4,"If we increase your credit limit, we will always tell you first and give you 30 days' notice, unless you have requested the increase yourself. Your account is designed to be used digitally.",Stephen,High,,credit limit,8.4,8.7,34,33
97,cfpb_credit_card_guide.txt,Suggested activities include Analyzing credit card statements and Managing credit card payments. Measuring student learning Students answers on their worksheets and during discussion can give you a sense of their understanding.,2,31,13.3,Suggested activities include 'Analysing credit card statements' and 'Managing credit card payments'. Students' answers on their worksheets and during discussion can give you a sense of their understanding.,Stephen,High,,credit card statements,13.3,12.2,31,28
98,nationwide_savings_tandc.txt,We work out your daily interest rate by dividing the annual interest rate by 365. We then work out your interest based on the amount of money you have in your account at the end of each day.,2,38,8.0,We calculate your daily interest rate by dividing the annual interest rate by 365. We then calculate the interest based on the amount of money in your account at the end of each day.,Stephen,High,,"daily interest rate, annual interest rate",8.0,9.1,38,34
99,cfpb_secured_unsecured_loans.txt,"If that trust does not result in repayment, the lender can report late or missing payments to the credit reporting companies, can engage in debt collection, and might sue the borrower. Teaching this activity Whole-class introduction Ask students if they or someone they know has ever lent someone money.",2,49,13.2,"If the borrower does not repay, the lender may report late or missed payments to the credit reporting companies, may use debt collectors, and may take the borrower to court. Teaching this activity: ask students if they or someone they know has ever lent someone money.",Stephen,High,,"lender, borrower, credit reporting companies, debt collection",13.2,11.6,49,46
100,sec_interest_rate_risk.txt,"For a basic explanation of how bonds work and the terminology used to describe them, please see our Investor Bulletin on Corporate Bonds. A fundamental principle of bond investing is that market interest rates and bond prices generally move in opposite directions. This is known as the effect of market interest rates on bond prices and yield.",2,57,11.9,"For a basic explanation of how bonds work and the terms used to describe them, please see our Investor Bulletin on Corporate Bonds. A key principle of bond investing is that market interest rates and bond prices generally move in opposite directions. This is known as the effect of market interest rates on bond prices and yield.",Stephen,High,,"bonds, Corporate Bonds, market interest rates, yield",11.9,10.5,57,57
